-- =========================================================================
-- LAMS seed data (auto-generated from the locally-cached reference data).
-- Run AFTER schema.sql AND after you have signed up (created your auth user).
-- All rows are assigned to the FIRST auth user (you). Re-running is safe
-- (on conflict do nothing). Insert order respects foreign keys.
-- =========================================================================
do $$
declare uid uuid := (select id from auth.users order by created_at limit 1);
begin
  if uid is null then
    raise exception 'No auth user found. Sign up / create your account first, then re-run this file.';
  end if;

  insert into public.organizers (id, user_id, name, first_name, last_name, email, phone, nation) values
    ('org-j24-per-skoog', uid, 'Per Skoog', NULL, NULL, 'karlstadgp@perskoog.se', '', 'SWE'),
    ('org-j24-benjamin-soreau-rene-auguin', uid, 'Benjamin Soreau / Rene Auguin', NULL, NULL, 'soreau@neuf.fr / auguin@wanadoo.fr / bensoreau05@gmail.com', '', 'FRA'),
    ('org-j24-marius-kranendonk', uid, 'Marius Kranendonk', NULL, NULL, 'marius@gscmail.nl', '+31 (0)24 351 5077', 'NED'),
    ('org-j24-massimo-pegoretti', uid, 'Massimo Pegoretti', NULL, NULL, 'pier.fire@alice.it / girodellemura@tin.it', '3398042003 / 335-5263484', 'ITA'),
    ('org-j24-jean-pierre-wattelle', uid, 'Jean Pierre Wattelle', NULL, NULL, 'jpwatelle@wanadoo.fr', '0033 661 230 695', 'FRA'),
    ('org-j24-attila-spiriev', uid, 'Attila Spiriev', NULL, NULL, 'spiriev@eliteltd.hu', '0036 3094 26 417', 'HUN'),
    ('org-j24-joe-hartnett', uid, 'Joe Hartnett', NULL, NULL, 'joehartnett.ccs@gmail.com', '+353 (87) 246 6397', 'IRL'),
    ('org-j24-carls-baronet', uid, 'Carls Baronet', NULL, NULL, 'car.baronet@gmail.com', '', 'ESP'),
    ('org-j24-remy-charpentier', uid, 'Remy Charpentier', NULL, NULL, 'athlete@herculis.com / meetingdirector@herculis.com', '+377.92.05.68.07 / +336.80.86.53.67', 'MC'),
    ('org-j24-noel-guiden', uid, 'Noel Guiden', NULL, NULL, 'mortongames@hotmail.com', '', 'IRL'),
    ('org-j24-steven-parmentier', uid, 'Steven Parmentier', NULL, NULL, 'stevenparmentier@skynet.be', '', 'BEL'),
    ('org-j24-jurgen-palm', uid, 'Jurgen Palm', NULL, NULL, 'LAZ.Rhede@t-online.de / LAZ.Rhede@gmx.de', '0049-2872-5237', 'GER'),
    ('org-j24-stefano-scaini', uid, 'Stefano Scaini', NULL, NULL, 'scaini.stefano.scayo@gmail.com', '333 233 3796', 'ITA'),
    ('org-j24-terry-mchugh', uid, 'Terry McHugh', NULL, NULL, 'lucernemeet@yahoo.co.uk', '0041 41 3712250', 'SWI'),
    ('org-j24-giorgio-ferrando', uid, 'Giorgio Ferrando', NULL, NULL, 'turisport@comunecelle.it', '019-994056 / casa 019-930744', 'ITA'),
    ('org-j24-spencer-barden', uid, 'Spencer Barden', NULL, NULL, 'spencer@spencerbardenconsulting.com / sbarden@uka.org.uk', '+44 (0) 121 7138415', 'GBR'),
    ('org-j24-tuomo-lehtinen', uid, 'Tuomo Lehtinen', NULL, NULL, 'tuomo.lehtinen@katajayu.fi', '', 'FIN'),
    ('org-j24-luc-hensgen', uid, 'Luc Hensgen', NULL, NULL, 'luchensgen.cas@outlook.de', '', 'LUX')
  on conflict (id) do nothing;

  insert into public.athletes (id, user_id, first, last, initials, color, nationality, dob, age, gender, specialty, category, squad, status, disciplines, joined, pb, medals, next_event, coach, progress, bio, contact, email, contract, place_of_birth, residence, marital_status, employment, tax_code, fidal_number, club, height, height_unit, weight, weight_unit, sponsor, shoe_size, clothing_size) values
    ('ath-kasaye-sisay-lemma', uid, 'Sisay Lemma', 'Kasaye', 'KS', '#5b6ef5', 'Ethiopia', '', 0, 'M', 'Marathon', 'long', 'Senior', 'active', '["Marathon"]'::jsonb, '2024-01-01', '{"Marathon":"2h01''48\""}'::jsonb, '{"gold":0,"silver":0,"bronze":0}'::jsonb, '—', '', 50, 'Marathon PB 2h01''48" — 1st, Valencia Marathon 2024.', '{"email":"","phone":""}'::jsonb, '', NULL, NULL, NULL, NULL, NULL, NULL, NULL, NULL, NULL, NULL, NULL, NULL, NULL, NULL, NULL),
    ('ath-kipruto-benson', uid, 'Benson', 'Kipruto', 'KB', '#5b6ef5', 'Kenya', '', 0, 'M', 'Marathon', 'long', 'Senior', 'active', '["Marathon"]'::jsonb, '2024-01-01', '{"Marathon":"2h02''16\""}'::jsonb, '{"gold":0,"silver":0,"bronze":0}'::jsonb, '—', '', 50, 'Marathon PB 2h02''16" — 1st, Tokyo Marathon 2024.', '{"email":"","phone":""}'::jsonb, '', NULL, NULL, NULL, NULL, NULL, NULL, NULL, NULL, NULL, NULL, NULL, NULL, NULL, NULL, NULL),
    ('ath-chebet-evans-kiplagat', uid, 'Evans Kiplagat', 'Chebet', 'CE', '#5b6ef5', 'Kenya', '', 0, 'M', 'Marathon', 'long', 'Senior', 'active', '["Marathon"]'::jsonb, '2024-01-01', '{"Marathon":"2h03''00\""}'::jsonb, '{"gold":0,"silver":0,"bronze":0}'::jsonb, '—', '', 50, 'Marathon PB 2h03''00" — 1st, Valencia Marathon 2024.', '{"email":"","phone":""}'::jsonb, '', NULL, NULL, NULL, NULL, NULL, NULL, NULL, NULL, NULL, NULL, NULL, NULL, NULL, NULL, NULL),
    ('ath-kipruto-amos', uid, 'Amos', 'Kipruto', 'KA', '#5b6ef5', 'Kenya', '', 0, 'M', 'Marathon', 'long', 'Senior', 'active', '["Marathon"]'::jsonb, '2024-01-01', '{"Marathon":"2h03''13\""}'::jsonb, '{"gold":0,"silver":0,"bronze":0}'::jsonb, '—', '', 50, 'Marathon PB 2h03''13" — 2nd, Tokyo Marathon 2024.', '{"email":"","phone":""}'::jsonb, '', NULL, NULL, NULL, NULL, NULL, NULL, NULL, NULL, NULL, NULL, NULL, NULL, NULL, NULL, NULL),
    ('ath-kotut-cybrian-kimurgor', uid, 'Cybrian Kimurgor', 'Kotut', 'KC', '#5b6ef5', 'Kenya', '', 0, 'M', 'Marathon', 'long', 'Senior', 'active', '["Marathon"]'::jsonb, '2024-01-01', '{"Marathon":"2h03''22\""}'::jsonb, '{"gold":0,"silver":0,"bronze":0}'::jsonb, '—', '', 50, 'Marathon PB 2h03''22" — 2nd, Berlin Marathon 2024.', '{"email":"","phone":""}'::jsonb, '', 'E', NULL, NULL, NULL, NULL, NULL, NULL, NULL, NULL, NULL, NULL, NULL, NULL, NULL, NULL),
    ('ath-adera-tamirat-tola', uid, 'Tamirat Tola', 'Adera', 'AT', '#5b6ef5', 'Ethiopia', '', 0, 'M', 'Marathon', 'long', 'Senior', 'active', '["Marathon"]'::jsonb, '2024-01-01', '{"Marathon":"2h03''37\""}'::jsonb, '{"gold":0,"silver":0,"bronze":0}'::jsonb, '—', '', 50, 'Marathon PB 2h03''37" — 1st, Amsterdam Marathon 2024.', '{"email":"","phone":""}'::jsonb, '', NULL, NULL, NULL, NULL, NULL, NULL, NULL, NULL, NULL, NULL, NULL, NULL, NULL, NULL, NULL),
    ('ath-kitesa-herpasa-negasa', uid, 'Herpasa Negasa', 'Kitesa', 'KH', '#5b6ef5', 'Ethiopia', '', 0, 'M', 'Marathon', 'long', 'Senior', 'active', '["Marathon"]'::jsonb, '2024-01-01', '{"Marathon":"2h03''40\""}'::jsonb, '{"gold":0,"silver":0,"bronze":0}'::jsonb, '—', '', 50, 'Marathon PB 2h03''40" — 2nd, Dubai Marathon 2024.', '{"email":"","phone":""}'::jsonb, '', 'E', NULL, NULL, NULL, NULL, NULL, NULL, NULL, NULL, NULL, NULL, NULL, NULL, NULL, NULL),
    ('ath-idemo-guye-adola', uid, 'Guye Adola', 'Idemo', 'IG', '#5b6ef5', 'Ethiopia', '', 0, 'M', 'Marathon', 'long', 'Senior', 'active', '["Marathon"]'::jsonb, '2024-01-01', '{"Marathon":"2h03''46\""}'::jsonb, '{"gold":0,"silver":0,"bronze":0}'::jsonb, '—', '', 50, 'Marathon PB 2h03''46" — 2nd, Berlin Marathon 2024.', '{"email":"","phone":""}'::jsonb, '', 'E', NULL, NULL, NULL, NULL, NULL, NULL, NULL, NULL, NULL, NULL, NULL, NULL, NULL, NULL),
    ('ath-kipchumba-vincent', uid, 'Vincent', 'Kipchumba', 'KV', '#5b6ef5', 'Kenya', '', 0, 'M', 'Marathon', 'long', 'Senior', 'active', '["Marathon"]'::jsonb, '2024-01-01', '{"Marathon":"2h04''28\""}'::jsonb, '{"gold":0,"silver":0,"bronze":0}'::jsonb, '—', '', 50, 'Marathon PB 2h04''28" — 2nd, London Marathon 2024.', '{"email":"","phone":""}'::jsonb, '', 'E', NULL, NULL, NULL, NULL, NULL, NULL, NULL, NULL, NULL, NULL, NULL, NULL, NULL, NULL),
    ('ath-asefa-tsegaye-mekonnen', uid, 'Tsegaye Mekonnen', 'Asefa', 'AT', '#5b6ef5', 'Ethiopia', '', 0, 'M', 'Marathon', 'long', 'Senior', 'active', '["Marathon"]'::jsonb, '2024-01-01', '{"Marathon":"2h04''32\""}'::jsonb, '{"gold":0,"silver":0,"bronze":0}'::jsonb, '—', '', 50, 'Marathon PB 2h04''32" — 1st, Dubai Marathon 2024.', '{"email":"","phone":""}'::jsonb, '', NULL, NULL, NULL, NULL, NULL, NULL, NULL, NULL, NULL, NULL, NULL, NULL, NULL, NULL, NULL),
    ('ath-hayle-lemi-berhanu', uid, 'Lemi Berhanu', 'Hayle', 'HL', '#5b6ef5', 'Ethiopia', '', 0, 'M', 'Marathon', 'long', 'Senior', 'active', '["Marathon"]'::jsonb, '2024-01-01', '{"Marathon":"2h04''33\""}'::jsonb, '{"gold":0,"silver":0,"bronze":0}'::jsonb, '—', '', 50, 'Marathon PB 2h04''33" — 2nd, Dubai Marathon 2024.', '{"email":"","phone":""}'::jsonb, '', 'E', NULL, NULL, NULL, NULL, NULL, NULL, NULL, NULL, NULL, NULL, NULL, NULL, NULL, NULL),
    ('ath-gonfa-solomon-deksisa', uid, 'Solomon Deksisa', 'Gonfa', 'GS', '#5b6ef5', 'Ethiopia', '', 0, 'M', 'Marathon', 'long', 'Senior', 'active', '["Marathon"]'::jsonb, '2024-01-01', '{"Marathon":"2h04''40\""}'::jsonb, '{"gold":0,"silver":0,"bronze":0}'::jsonb, '—', '', 50, 'Marathon PB 2h04''40" — 3rd, Amsterdam Marathon 2024.', '{"email":"","phone":""}'::jsonb, '', NULL, NULL, NULL, NULL, NULL, NULL, NULL, NULL, NULL, NULL, NULL, NULL, NULL, NULL, NULL),
    ('ath-kipyego-barselius', uid, 'Barselius', 'Kipyego', 'KB', '#5b6ef5', 'Kenya', '', 0, 'M', 'Marathon', 'long', 'Senior', 'active', '["Marathon"]'::jsonb, '2024-01-01', '{"Marathon":"2h04''49\""}'::jsonb, '{"gold":0,"silver":0,"bronze":0}'::jsonb, '—', '', 50, 'Marathon PB 2h04''49" — 4th, Marathon de Paris 2024.', '{"email":"","phone":""}'::jsonb, '', 'E', NULL, NULL, NULL, NULL, NULL, NULL, NULL, NULL, NULL, NULL, NULL, NULL, NULL, NULL),
    ('ath-kemal-dino-sefir', uid, 'Dino Sefir', 'Kemal', 'KD', '#5b6ef5', 'Ethiopia', '', 0, 'M', 'Marathon', 'long', 'Senior', 'active', '["Marathon"]'::jsonb, '2024-01-01', '{"Marathon":"2h04''50\""}'::jsonb, '{"gold":0,"silver":0,"bronze":0}'::jsonb, '—', '', 50, 'Marathon PB 2h04''50" — 2nd, Dubai Marathon 2024.', '{"email":"","phone":""}'::jsonb, '', NULL, NULL, NULL, NULL, NULL, NULL, NULL, NULL, NULL, NULL, NULL, NULL, NULL, NULL, NULL),
    ('ath-mandefro-workineh-tadese', uid, 'Workineh Tadese', 'Mandefro', 'MW', '#5b6ef5', 'Ethiopia', '', 0, 'M', 'Marathon', 'long', 'Senior', 'active', '["Marathon"]'::jsonb, '2024-01-01', '{"Marathon":"2h05''07\""}'::jsonb, '{"gold":0,"silver":0,"bronze":0}'::jsonb, '—', '', 50, 'Marathon PB 2h05''07" — 3rd, Hamburg Marathon 2024.', '{"email":"","phone":""}'::jsonb, '', 'E', NULL, NULL, NULL, NULL, NULL, NULL, NULL, NULL, NULL, NULL, NULL, NULL, NULL, NULL),
    ('ath-kibet-moses', uid, 'Moses', 'Kibet', 'KM', '#5b6ef5', 'Kenya', '', 0, 'M', 'Marathon', 'long', 'Senior', 'active', '["Marathon"]'::jsonb, '2024-01-01', '{"Marathon":"2h05''20\""}'::jsonb, '{"gold":0,"silver":0,"bronze":0}'::jsonb, '—', '', 50, 'Marathon PB 2h05''20" — 6th, Amsterdam Marathon 2024.', '{"email":"","phone":""}'::jsonb, '', 'E', NULL, NULL, NULL, NULL, NULL, NULL, NULL, NULL, NULL, NULL, NULL, NULL, NULL, NULL),
    ('ath-adera-abdisa-tola', uid, 'Abdisa Tola', 'Adera', 'AA', '#5b6ef5', 'Ethiopia', '', 0, 'M', 'Marathon', 'long', 'Senior', 'active', '["Marathon"]'::jsonb, '2024-01-01', '{"Marathon":"2h05''42\""}'::jsonb, '{"gold":0,"silver":0,"bronze":0}'::jsonb, '—', '', 50, 'Marathon PB 2h05''42" — 1st, Dubai Marathon 2024.', '{"email":"","phone":""}'::jsonb, '', 'E', NULL, NULL, NULL, NULL, NULL, NULL, NULL, NULL, NULL, NULL, NULL, NULL, NULL, NULL),
    ('ath-muleta-dejene-megersa', uid, 'Dejene Megersa', 'Muleta', 'MD', '#5b6ef5', 'Ethiopia', '', 0, 'M', 'Marathon', 'long', 'Senior', 'active', '["Marathon"]'::jsonb, '2024-01-01', '{"Marathon":"2h05''42\""}'::jsonb, '{"gold":0,"silver":0,"bronze":0}'::jsonb, '—', '', 50, 'Marathon PB 2h05''42" — 3rd, Dubai Marathon 2024.', '{"email":"","phone":""}'::jsonb, '', 'E', NULL, NULL, NULL, NULL, NULL, NULL, NULL, NULL, NULL, NULL, NULL, NULL, NULL, NULL),
    ('ath-gebru-girmay-birhanu', uid, 'Girmay Birhanu', 'Gebru', 'GG', '#5b6ef5', 'Ethiopia', '', 0, 'M', 'Marathon', 'long', 'Senior', 'active', '["Marathon"]'::jsonb, '2024-01-01', '{"Marathon":"2h05''49\""}'::jsonb, '{"gold":0,"silver":0,"bronze":0}'::jsonb, '—', '', 50, 'Marathon PB 2h05''49" — 3rd, Dubai Marathon 2024.', '{"email":"","phone":""}'::jsonb, '', 'M', NULL, NULL, NULL, NULL, NULL, NULL, NULL, NULL, NULL, NULL, NULL, NULL, NULL, NULL),
    ('ath-bikila-adugna-takele', uid, 'Adugna Takele', 'Bikila', 'BA', '#5b6ef5', 'Ethiopia', '', 0, 'M', 'Marathon', 'long', 'Senior', 'active', '["Marathon"]'::jsonb, '2024-01-01', '{"Marathon":"2h05''50\""}'::jsonb, '{"gold":0,"silver":0,"bronze":0}'::jsonb, '—', '', 50, 'Marathon PB 2h05''50" — 4th, Marathon Ciudad de Sevilla 2024.', '{"email":"","phone":""}'::jsonb, '', 'E', NULL, NULL, NULL, NULL, NULL, NULL, NULL, NULL, NULL, NULL, NULL, NULL, NULL, NULL),
    ('ath-nigassa-abdi-fufa', uid, 'Abdi Fufa', 'Nigassa', 'NA', '#5b6ef5', 'Ethiopia', '', 0, 'M', 'Marathon', 'long', 'Senior', 'active', '["Marathon"]'::jsonb, '2024-01-01', '{"Marathon":"2h05''57\""}'::jsonb, '{"gold":0,"silver":0,"bronze":0}'::jsonb, '—', '', 50, 'Marathon PB 2h05''57" — 2nd, Xiamen Marathon 2024.', '{"email":"","phone":""}'::jsonb, '', 'E', NULL, NULL, NULL, NULL, NULL, NULL, NULL, NULL, NULL, NULL, NULL, NULL, NULL, NULL),
    ('ath-crippa-yemaneberhan', uid, 'Yemaneberhan', 'Crippa', 'CY', '#5b6ef5', 'Italy', '', 0, 'M', 'Marathon', 'long', 'Senior', 'active', '["Marathon"]'::jsonb, '2024-01-01', '{"Marathon":"2h06''06\""}'::jsonb, '{"gold":0,"silver":0,"bronze":0}'::jsonb, '—', '', 50, 'Marathon PB 2h06''06" — 4th, Marathon Ciudad de Sevilla 2024.', '{"email":"","phone":""}'::jsonb, '', NULL, NULL, NULL, NULL, NULL, NULL, NULL, NULL, NULL, NULL, NULL, NULL, NULL, NULL, NULL),
    ('ath-adihana-gebretsadik-abraha', uid, 'Gebretsadik Abraha', 'Adihana', 'AG', '#5b6ef5', 'Ethiopia', '', 0, 'M', 'Marathon', 'long', 'Senior', 'active', '["Marathon"]'::jsonb, '2024-01-01', '{"Marathon":"2h06''08\""}'::jsonb, '{"gold":0,"silver":0,"bronze":0}'::jsonb, '—', '', 50, 'Marathon PB 2h06''08" — 4th, Dubai Marathon 2024.', '{"email":"","phone":""}'::jsonb, '', 'E', NULL, NULL, NULL, NULL, NULL, NULL, NULL, NULL, NULL, NULL, NULL, NULL, NULL, NULL),
    ('ath-anbesa-lencho-tesfaye', uid, 'Lencho Tesfaye', 'Anbesa', 'AL', '#5b6ef5', 'Ethiopia', '', 0, 'M', 'Marathon', 'long', 'Senior', 'active', '["Marathon"]'::jsonb, '2024-01-01', '{"Marathon":"2h06''18\""}'::jsonb, '{"gold":0,"silver":0,"bronze":0}'::jsonb, '—', '', 50, 'Marathon PB 2h06''18" — 4th, Dubai Marathon 2024.', '{"email":"","phone":""}'::jsonb, '', NULL, NULL, NULL, NULL, NULL, NULL, NULL, NULL, NULL, NULL, NULL, NULL, NULL, NULL, NULL),
    ('ath-kibitok-felix', uid, 'Felix', 'Kibitok', 'KF', '#5b6ef5', 'Kenya', '', 0, 'M', 'Marathon', 'long', 'Senior', 'active', '["Marathon"]'::jsonb, '2024-01-01', '{"Marathon":"2h06''28\""}'::jsonb, '{"gold":0,"silver":0,"bronze":0}'::jsonb, '—', '', 50, 'Marathon PB 2h06''28" — 5th, Barcelona Marathon 2024.', '{"email":"","phone":""}'::jsonb, '', 'E', NULL, NULL, NULL, NULL, NULL, NULL, NULL, NULL, NULL, NULL, NULL, NULL, NULL, NULL),
    ('ath-bekele-zewudu-hailu', uid, 'Zewudu Hailu', 'Bekele', 'BZ', '#5b6ef5', 'Ethiopia', '', 0, 'M', 'Marathon', 'long', 'Senior', 'active', '["Marathon"]'::jsonb, '2024-01-01', '{"Marathon":"2h06''31\""}'::jsonb, '{"gold":0,"silver":0,"bronze":0}'::jsonb, '—', '', 50, 'Marathon PB 2h06''31" — 10th, Dubai Marathon 2024.', '{"email":"","phone":""}'::jsonb, '', NULL, NULL, NULL, NULL, NULL, NULL, NULL, NULL, NULL, NULL, NULL, NULL, NULL, NULL, NULL),
    ('ath-gebeyahu-tigist-memuye', uid, 'Tigist Memuye', 'Gebeyahu', 'GT', '#f55b6e', 'Ethiopia', '', 0, 'F', 'Marathon', 'long', 'Senior', 'active', '[]'::jsonb, '2024-01-01', '{}'::jsonb, '{"gold":0,"silver":0,"bronze":0}'::jsonb, '—', '', 50, '', '{"email":"","phone":""}'::jsonb, '', 'E', NULL, NULL, NULL, NULL, NULL, NULL, NULL, NULL, NULL, NULL, NULL, NULL, NULL, NULL),
    ('ath-rop-gideon-kiprotich', uid, 'Gideon Kiprotich', 'Rop', 'RG', '#5b6ef5', 'Kenya', '', 0, 'M', 'Marathon', 'long', 'Senior', 'active', '[]'::jsonb, '2024-01-01', '{}'::jsonb, '{"gold":0,"silver":0,"bronze":0}'::jsonb, '—', '', 50, '', '{"email":"","phone":""}'::jsonb, '', 'E', NULL, NULL, NULL, NULL, NULL, NULL, NULL, NULL, NULL, NULL, NULL, NULL, NULL, NULL),
    ('ath-tebo-tigist-ketema', uid, 'Tigist Ketema', 'Tebo', 'TT', '#f55b6e', 'Ethiopia', '', 0, 'F', 'Marathon', 'long', 'Senior', 'active', '[]'::jsonb, '2024-01-01', '{}'::jsonb, '{"gold":0,"silver":0,"bronze":0}'::jsonb, '—', '', 50, '', '{"email":"","phone":""}'::jsonb, '', NULL, NULL, NULL, NULL, NULL, NULL, NULL, NULL, NULL, NULL, NULL, NULL, NULL, NULL, NULL),
    ('ath-arese-pietro', uid, 'Pietro', 'Arese', 'AP', '#5b6ef5', 'Italy', '', 0, 'M', '1500 m', 'middle', 'Senior', 'active', '[]'::jsonb, '2024-01-01', '{}'::jsonb, '{"gold":0,"silver":0,"bronze":0}'::jsonb, '—', '', 50, '', '{"email":"","phone":""}'::jsonb, '', NULL, NULL, NULL, NULL, NULL, NULL, NULL, NULL, NULL, NULL, NULL, NULL, NULL, NULL, NULL),
    ('ath-atomsa-yomif-kejelcha', uid, 'Yomif Kejelcha', 'Atomsa', 'AY', '#5b6ef5', 'Ethiopia', '', 0, 'M', '5000 m', 'long', 'Senior', 'active', '[]'::jsonb, '2024-01-01', '{}'::jsonb, '{"gold":0,"silver":0,"bronze":0}'::jsonb, '—', '', 50, '', '{"email":"","phone":""}'::jsonb, '', NULL, NULL, NULL, NULL, NULL, NULL, NULL, NULL, NULL, NULL, NULL, NULL, NULL, NULL, NULL),
    ('ath-bekele-telahun-haile', uid, 'Telahun Haile', 'Bekele', 'BT', '#5b6ef5', 'Ethiopia', '', 0, 'M', '5000 m', 'long', 'Senior', 'active', '[]'::jsonb, '2024-01-01', '{}'::jsonb, '{"gold":0,"silver":0,"bronze":0}'::jsonb, '—', '', 50, '', '{"email":"","phone":""}'::jsonb, '', NULL, NULL, NULL, NULL, NULL, NULL, NULL, NULL, NULL, NULL, NULL, NULL, NULL, NULL, NULL),
    ('ath-bertoldo-michele', uid, 'Michele', 'Bertoldo', 'BM', '#5b6ef5', 'Italy', '', 0, 'M', '5000 m', 'long', 'Senior', 'active', '[]'::jsonb, '2024-01-01', '{}'::jsonb, '{"gold":0,"silver":0,"bronze":0}'::jsonb, '—', '', 50, '', '{"email":"","phone":""}'::jsonb, '', NULL, NULL, NULL, NULL, NULL, NULL, NULL, NULL, NULL, NULL, NULL, NULL, NULL, NULL, NULL),
    ('ath-chala-wegene-adisu', uid, 'Wegene Adisu', 'Chala', 'CW', '#5b6ef5', 'Ethiopia', '', 0, 'M', '5000 m', 'long', 'Senior', 'active', '[]'::jsonb, '2024-01-01', '{}'::jsonb, '{"gold":0,"silver":0,"bronze":0}'::jsonb, '—', '', 50, '', '{"email":"","phone":""}'::jsonb, '', NULL, NULL, NULL, NULL, NULL, NULL, NULL, NULL, NULL, NULL, NULL, NULL, NULL, NULL, NULL),
    ('ath-costa-masresha', uid, 'Masresha', 'Costa', 'CM', '#5b6ef5', 'Ethiopia', '', 0, 'M', '1500 m', 'middle', 'Senior', 'active', '[]'::jsonb, '2024-01-01', '{}'::jsonb, '{"gold":0,"silver":0,"bronze":0}'::jsonb, '—', '', 50, '', '{"email":"","phone":""}'::jsonb, '', NULL, NULL, NULL, NULL, NULL, NULL, NULL, NULL, NULL, NULL, NULL, NULL, NULL, NULL, NULL),
    ('ath-del-gatto-lorenzo', uid, 'Lorenzo', 'Del Gatto', 'DL', '#5b6ef5', 'Italy', '', 0, 'M', '800 m', 'middle', 'Senior', 'active', '[]'::jsonb, '2024-01-01', '{}'::jsonb, '{"gold":0,"silver":0,"bronze":0}'::jsonb, '—', '', 50, '', '{"email":"","phone":""}'::jsonb, '', NULL, NULL, NULL, NULL, NULL, NULL, NULL, NULL, NULL, NULL, NULL, NULL, NULL, NULL, NULL),
    ('ath-de-marchi-jacopo', uid, 'Jacopo', 'De Marchi', 'DJ', '#5b6ef5', 'Italy', '', 0, 'M', '5000 m', 'long', 'Senior', 'active', '[]'::jsonb, '2024-01-01', '{}'::jsonb, '{"gold":0,"silver":0,"bronze":0}'::jsonb, '—', '', 50, '', '{"email":"","phone":""}'::jsonb, '', NULL, NULL, NULL, NULL, NULL, NULL, NULL, NULL, NULL, NULL, NULL, NULL, NULL, NULL, NULL),
    ('ath-falloni-simone', uid, 'Simone', 'Falloni', 'FS', '#5b6ef5', 'Italy', '', 0, 'M', 'Hammer', 'throws', 'Senior', 'active', '[]'::jsonb, '2024-01-01', '{}'::jsonb, '{"gold":0,"silver":0,"bronze":0}'::jsonb, '—', '', 50, '', '{"email":"","phone":""}'::jsonb, '', NULL, NULL, NULL, NULL, NULL, NULL, NULL, NULL, NULL, NULL, NULL, NULL, NULL, NULL, NULL),
    ('ath-gravante-giuseppe', uid, 'Giuseppe', 'Gravante', 'GG', '#5b6ef5', 'Italy', '', 0, 'M', '1500 m', 'middle', 'Senior', 'active', '[]'::jsonb, '2024-01-01', '{}'::jsonb, '{"gold":0,"silver":0,"bronze":0}'::jsonb, '—', '', 50, '', '{"email":"","phone":""}'::jsonb, '', NULL, NULL, NULL, NULL, NULL, NULL, NULL, NULL, NULL, NULL, NULL, NULL, NULL, NULL, NULL),
    ('ath-guerra-francesco', uid, 'Francesco', 'Guerra', 'GF', '#5b6ef5', 'Italy', '', 0, 'M', '5000 m', 'long', 'Senior', 'active', '[]'::jsonb, '2024-01-01', '{}'::jsonb, '{"gold":0,"silver":0,"bronze":0}'::jsonb, '—', '', 50, '', '{"email":"","phone":""}'::jsonb, '', NULL, NULL, NULL, NULL, NULL, NULL, NULL, NULL, NULL, NULL, NULL, NULL, NULL, NULL, NULL),
    ('ath-ndikumwenayo-thierry', uid, 'Thierry', 'Ndikumwenayo', 'NT', '#5b6ef5', 'Spain', '', 0, 'M', '5000 m', 'long', 'Senior', 'active', '[]'::jsonb, '2024-01-01', '{}'::jsonb, '{"gold":0,"silver":0,"bronze":0}'::jsonb, '—', '', 50, '', '{"email":"","phone":""}'::jsonb, '', 'M', NULL, NULL, NULL, NULL, NULL, NULL, NULL, NULL, NULL, NULL, NULL, NULL, NULL, NULL),
    ('ath-riva-federico', uid, 'Federico', 'Riva', 'RF', '#5b6ef5', 'Italy', '', 0, 'M', '1500 m', 'middle', 'Senior', 'active', '[]'::jsonb, '2024-01-01', '{}'::jsonb, '{"gold":0,"silver":0,"bronze":0}'::jsonb, '—', '', 50, '', '{"email":"","phone":""}'::jsonb, '', NULL, NULL, NULL, NULL, NULL, NULL, NULL, NULL, NULL, NULL, NULL, NULL, NULL, NULL, NULL),
    ('ath-taye-addisu-yihune', uid, 'Addisu Yihune', 'Taye', 'TA', '#5b6ef5', 'Ethiopia', '', 0, 'M', '3000 m SC', 'middle', 'Senior', 'active', '[]'::jsonb, '2024-01-01', '{}'::jsonb, '{"gold":0,"silver":0,"bronze":0}'::jsonb, '—', '', 50, '', '{"email":"","phone":""}'::jsonb, '', 'M', NULL, NULL, NULL, NULL, NULL, NULL, NULL, NULL, NULL, NULL, NULL, NULL, NULL, NULL),
    ('ath-tindouft-mohamed', uid, 'Mohamed', 'Tindouft', 'TM', '#5b6ef5', 'Italy', '', 0, 'M', '3000 m SC', 'middle', 'Senior', 'active', '[]'::jsonb, '2024-01-01', '{}'::jsonb, '{"gold":0,"silver":0,"bronze":0}'::jsonb, '—', '', 50, '', '{"email":"","phone":""}'::jsonb, '', NULL, NULL, NULL, NULL, NULL, NULL, NULL, NULL, NULL, NULL, NULL, NULL, NULL, NULL, NULL),
    ('ath-wanyonyi-emmanuel', uid, 'Emmanuel', 'Wanyonyi', 'WE', '#5b6ef5', 'Kenya', '', 0, 'M', '800 m', 'middle', 'Senior', 'active', '[]'::jsonb, '2024-01-01', '{}'::jsonb, '{"gold":0,"silver":0,"bronze":0}'::jsonb, '—', '', 50, '', '{"email":"","phone":""}'::jsonb, '', NULL, NULL, NULL, NULL, NULL, NULL, NULL, NULL, NULL, NULL, NULL, NULL, NULL, NULL, NULL),
    ('ath-zoghlami-osama', uid, 'Osama', 'Zoghlami', 'ZO', '#5b6ef5', 'Italy', '', 0, 'M', '3000 m SC', 'middle', 'Senior', 'active', '[]'::jsonb, '2024-01-01', '{}'::jsonb, '{"gold":0,"silver":0,"bronze":0}'::jsonb, '—', '', 50, '', '{"email":"","phone":""}'::jsonb, '', NULL, NULL, NULL, NULL, NULL, NULL, NULL, NULL, NULL, NULL, NULL, NULL, NULL, NULL, NULL),
    ('ath-zoghlami-ala', uid, 'Ala', 'Zoghlami', 'ZA', '#5b6ef5', 'Italy', '', 0, 'M', '3000 m SC', 'middle', 'Senior', 'active', '[]'::jsonb, '2024-01-01', '{}'::jsonb, '{"gold":0,"silver":0,"bronze":0}'::jsonb, '—', '', 50, '', '{"email":"","phone":""}'::jsonb, '', NULL, NULL, NULL, NULL, NULL, NULL, NULL, NULL, NULL, NULL, NULL, NULL, NULL, NULL, NULL),
    ('ath-berton-aurora', uid, 'Aurora', 'Berton', 'BA', '#f55b6e', 'Italy', '', 0, 'F', '200 m', 'sprints', 'Senior', 'active', '[]'::jsonb, '2024-01-01', '{}'::jsonb, '{"gold":0,"silver":0,"bronze":0}'::jsonb, '—', '', 50, '', '{"email":"","phone":""}'::jsonb, '', NULL, NULL, NULL, NULL, NULL, NULL, NULL, NULL, NULL, NULL, NULL, NULL, NULL, NULL, NULL),
    ('ath-balew-birhanu-yemataw', uid, 'Birhanu Yemataw', 'Balew', 'BB', '#5b6ef5', 'Italy', '', 0, 'M', '3000 m', 'long', 'Senior', 'active', '[]'::jsonb, '2024-01-01', '{}'::jsonb, '{"gold":0,"silver":0,"bronze":0}'::jsonb, '—', '', 50, '', '{"email":"","phone":""}'::jsonb, '', 'M', NULL, NULL, NULL, NULL, NULL, NULL, NULL, NULL, NULL, NULL, NULL, NULL, NULL, NULL),
    ('ath-chematot-levy-kibet', uid, 'Levy Kibet', 'Chematot', 'CL', '#5b6ef5', 'Kenya', '', 0, 'M', '1500 m', 'middle', 'Senior', 'active', '[]'::jsonb, '2024-01-01', '{}'::jsonb, '{"gold":0,"silver":0,"bronze":0}'::jsonb, '—', '', 50, '', '{"email":"","phone":""}'::jsonb, '', 'M', NULL, NULL, NULL, NULL, NULL, NULL, NULL, NULL, NULL, NULL, NULL, NULL, NULL, NULL),
    ('ath-kosgei-mathew-kipkurui', uid, 'Mathew Kipkurui', 'Kosgei', 'KM', '#5b6ef5', 'Kenya', '', 0, 'M', '1500 m', 'middle', 'Senior', 'active', '[]'::jsonb, '2024-01-01', '{}'::jsonb, '{"gold":0,"silver":0,"bronze":0}'::jsonb, '—', '', 50, '', '{"email":"","phone":""}'::jsonb, '', 'E', NULL, NULL, NULL, NULL, NULL, NULL, NULL, NULL, NULL, NULL, NULL, NULL, NULL, NULL),
    ('ath-jeruto-leah', uid, 'Leah', 'Jeruto', 'JL', '#f55b6e', 'Kenya', '', 0, 'F', '1500 m', 'middle', 'Senior', 'active', '[]'::jsonb, '2024-01-01', '{}'::jsonb, '{"gold":0,"silver":0,"bronze":0}'::jsonb, '—', '', 50, '', '{"email":"","phone":""}'::jsonb, '', 'M', NULL, NULL, NULL, NULL, NULL, NULL, NULL, NULL, NULL, NULL, NULL, NULL, NULL, NULL),
    ('ath-kipkemboi-margaret-chelimo', uid, 'Margaret Chelimo', 'Kipkemboi', 'KM', '#f55b6e', 'Kenya', '', 0, 'F', '1500 m', 'middle', 'Senior', 'active', '[]'::jsonb, '2024-01-01', '{}'::jsonb, '{"gold":0,"silver":0,"bronze":0}'::jsonb, '—', '', 50, '', '{"email":"","phone":""}'::jsonb, '', NULL, NULL, NULL, NULL, NULL, NULL, NULL, NULL, NULL, NULL, NULL, NULL, NULL, NULL, NULL),
    ('ath-majori-micol', uid, 'Micol', 'Majori', 'MM', '#f55b6e', 'Italy', '', 0, 'F', '100 m H', 'hurdles', 'Senior', 'active', '[]'::jsonb, '2024-01-01', '{}'::jsonb, '{"gold":0,"silver":0,"bronze":0}'::jsonb, '—', '', 50, '', '{"email":"","phone":""}'::jsonb, '', NULL, NULL, NULL, NULL, NULL, NULL, NULL, NULL, NULL, NULL, NULL, NULL, NULL, NULL, NULL),
    ('ath-mosetti-nicla', uid, 'Nicla', 'Mosetti', 'MN', '#f55b6e', 'Italy', '', 0, 'F', '200 m', 'sprints', 'Senior', 'active', '[]'::jsonb, '2024-01-01', '{}'::jsonb, '{"gold":0,"silver":0,"bronze":0}'::jsonb, '—', '', 50, '', '{"email":"","phone":""}'::jsonb, '', NULL, NULL, NULL, NULL, NULL, NULL, NULL, NULL, NULL, NULL, NULL, NULL, NULL, NULL, NULL),
    ('ath-tavernini-asia', uid, 'Asia', 'Tavernini', 'TA', '#f55b6e', 'Italy', '', 0, 'F', '800 m', 'middle', 'Senior', 'active', '[]'::jsonb, '2024-01-01', '{}'::jsonb, '{"gold":0,"silver":0,"bronze":0}'::jsonb, '—', '', 50, '', '{"email":"","phone":""}'::jsonb, '', NULL, NULL, NULL, NULL, NULL, NULL, NULL, NULL, NULL, NULL, NULL, NULL, NULL, NULL, NULL)
  on conflict (id) do nothing;

  insert into public.competitions (id, user_id, name, short, location, country, date, end_date, type, tier, status, entries, results, events, summary, category, level, organizer_id, contact_surname, contact_name, contact_phone, contact_email, disciplines, web_site, notes) values
    ('cmp-j24-0', uid, 'Karlstad GP', '', 'Karlstad', 'SWE', '2024-07-04', '2024-07-04', 'WACT.BL', 'tier-2', 'completed', 0, 0, '["100m","200m","400m","800m","1500m"]'::jsonb, NULL, 'meeting', 'WACT.BL', 'org-j24-per-skoog', NULL, 'Per Skoog', '', 'karlstadgp@perskoog.se', '[{"discipline":"100m","gender":"W","date":"2024-07-04"},{"discipline":"200m","gender":"M","date":"2024-07-04"},{"discipline":"200m","gender":"W","date":"2024-07-04"},{"discipline":"400m","gender":"M","date":"2024-07-04"},{"discipline":"800m","gender":"M","date":"2024-07-04"},{"discipline":"800m","gender":"W","date":"2024-07-04"},{"discipline":"1500m","gender":"M","date":"2024-07-04"}]'::jsonb, NULL, NULL),
    ('cmp-j24-1', uid, 'Meeting Sotteville', '', 'Sotteville lès Rouen', 'FRA', '2024-07-04', '2024-07-04', 'WACT.BL', 'tier-2', 'completed', 0, 0, '["100m","200m","800m","1500m","HJ","PV","LJ"]'::jsonb, NULL, 'meeting', 'WACT.BL', 'org-j24-benjamin-soreau-rene-auguin', NULL, 'Benjamin Soreau / Rene Auguin', '', 'soreau@neuf.fr / auguin@wanadoo.fr / bensoreau05@gmail.com', '[{"discipline":"100m","gender":"M","date":"2024-07-04"},{"discipline":"100m","gender":"W","date":"2024-07-04"},{"discipline":"200m","gender":"M","date":"2024-07-04"},{"discipline":"200m","gender":"W","date":"2024-07-04"},{"discipline":"800m","gender":"M","date":"2024-07-04"},{"discipline":"800m","gender":"W","date":"2024-07-04"},{"discipline":"1500m","gender":"M","date":"2024-07-04"},{"discipline":"1500m","gender":"W","date":"2024-07-04"},{"discipline":"HJ","gender":"W","date":"2024-07-04"},{"discipline":"PV","gender":"M","date":"2024-07-04"},{"discipline":"LJ","gender":"W","date":"2024-07-04"}]'::jsonb, NULL, NULL),
    ('cmp-j24-2', uid, 'FBK Hengelo', '', 'Hengelo', 'NED', '2024-07-06', '2024-07-07', 'WACTGL', 'tier-2', 'completed', 0, 0, '["400m","800m","1000m","1500m","5000m","PV"]'::jsonb, NULL, 'meeting', 'WACTGL', 'org-j24-marius-kranendonk', NULL, 'Marius Kranendonk', '+31 (0)24 351 5077', 'marius@gscmail.nl', '[{"discipline":"400m","gender":"M","date":"2024-07-06"},{"discipline":"400m","gender":"W","date":"2024-07-06"},{"discipline":"800m","gender":"W","date":"2024-07-06"},{"discipline":"1000m","gender":"M","date":"2024-07-06"},{"discipline":"1500m","gender":"M","date":"2024-07-06"},{"discipline":"5000m","gender":"M","date":"2024-07-06"},{"discipline":"PV","gender":"W","date":"2024-07-06"}]'::jsonb, NULL, NULL),
    ('cmp-j24-3', uid, 'Meeting Int. di Pergine', '', 'Pergine Valsugana', 'ITA', '2024-07-06', '2024-07-06', 'int''l', 'tier-2', 'completed', 0, 0, '["100m","1500m"]'::jsonb, NULL, 'meeting', 'int''l', 'org-j24-massimo-pegoretti', NULL, 'Massimo Pegoretti', '3398042003 / 335-5263484', 'pier.fire@alice.it / girodellemura@tin.it', '[{"discipline":"100m","gender":"W","date":"2024-07-06"},{"discipline":"1500m","gender":"M","date":"2024-07-06"}]'::jsonb, NULL, NULL),
    ('cmp-j24-4', uid, 'Paris DL Meeting', '', 'Paris-St.Denis', 'FRA', '2024-07-07', '2024-07-07', 'DL', 'tier-1', 'completed', 0, 0, '["800m","1500m","3000m","5000m","100h","110h","400h"]'::jsonb, NULL, 'meeting', 'DL', 'org-j24-jean-pierre-wattelle', NULL, 'Jean Pierre Wattelle', '0033 661 230 695', 'jpwatelle@wanadoo.fr', '[{"discipline":"800m","gender":"W","date":"2024-07-07"},{"discipline":"1500m","gender":"M","date":"2024-07-07"},{"discipline":"3000m","gender":"M","date":"2024-07-07"},{"discipline":"5000m","gender":"M","date":"2024-07-07"},{"discipline":"5000m","gender":"W","date":"2024-07-07"},{"discipline":"100h","gender":"W","date":"2024-07-07"},{"discipline":"110h","gender":"M","date":"2024-07-07"},{"discipline":"400h","gender":"M","date":"2024-07-07"},{"discipline":"400h","gender":"W","date":"2024-07-07"}]'::jsonb, NULL, NULL),
    ('cmp-j24-5', uid, 'Memorial Istvan Gyulai', '', 'Szekesfehervar', 'HUN', '2024-07-09', '2024-07-09', 'WACT.GL', 'tier-2', 'completed', 0, 0, '["100m","200m","400m","800m","3000m","5000m","PV"]'::jsonb, NULL, 'meeting', 'WACT.GL', 'org-j24-attila-spiriev', NULL, 'Attila Spiriev', '0036 3094 26 417', 'spiriev@eliteltd.hu', '[{"discipline":"100m","gender":"M","date":"2024-07-09"},{"discipline":"100m","gender":"W","date":"2024-07-09"},{"discipline":"200m","gender":"M","date":"2024-07-09"},{"discipline":"200m","gender":"W","date":"2024-07-09"},{"discipline":"400m","gender":"M","date":"2024-07-09"},{"discipline":"800m","gender":"W","date":"2024-07-09"},{"discipline":"3000m","gender":"M","date":"2024-07-09"},{"discipline":"3000m","gender":"W","date":"2024-07-09"},{"discipline":"5000m","gender":"M","date":"2024-07-09"},{"discipline":"PV","gender":"M","date":"2024-07-09"}]'::jsonb, NULL, NULL),
    ('cmp-j24-6', uid, 'Cork City Games', '', 'Cork', 'IRL', '2024-07-09', '2024-07-09', 'EAA', 'tier-2', 'completed', 0, 0, '["100m","200m","800m","mile","PV"]'::jsonb, NULL, 'meeting', 'EAA', 'org-j24-joe-hartnett', NULL, 'Joe Hartnett', '+353 (87) 246 6397', 'joehartnett.ccs@gmail.com', '[{"discipline":"100m","gender":"M","date":"2024-07-09"},{"discipline":"100m","gender":"W","date":"2024-07-09"},{"discipline":"200m","gender":"M","date":"2024-07-09"},{"discipline":"200m","gender":"W","date":"2024-07-09"},{"discipline":"800m","gender":"M","date":"2024-07-09"},{"discipline":"800m","gender":"W","date":"2024-07-09"},{"discipline":"mile","gender":"M","date":"2024-07-09"},{"discipline":"PV","gender":"W","date":"2024-07-09"}]'::jsonb, NULL, NULL),
    ('cmp-j24-7', uid, 'Barcelona Meeting', '', 'Barcelona', 'ESP', '2024-07-10', '2024-07-10', 'int''l', 'tier-2', 'completed', 0, 0, '[]'::jsonb, NULL, 'meeting', 'int''l', 'org-j24-carls-baronet', NULL, 'Carls Baronet', '', 'car.baronet@gmail.com', '[]'::jsonb, NULL, NULL),
    ('cmp-j24-8', uid, 'Herculis Monaco DL Meeting', '', 'Monaco', 'MC', '2024-07-12', '2024-07-12', 'DL', 'tier-1', 'completed', 0, 0, '["100m","200m","400m","800m","1500m","3000m","5000m","PV","LJ"]'::jsonb, NULL, 'meeting', 'DL', 'org-j24-remy-charpentier', NULL, 'Remy Charpentier', '+377.92.05.68.07 / +336.80.86.53.67', 'athlete@herculis.com / meetingdirector@herculis.com', '[{"discipline":"100m","gender":"W","date":"2024-07-12"},{"discipline":"200m","gender":"M","date":"2024-07-12"},{"discipline":"400m","gender":"M","date":"2024-07-12"},{"discipline":"400m","gender":"W","date":"2024-07-12"},{"discipline":"800m","gender":"M","date":"2024-07-12"},{"discipline":"1500m","gender":"M","date":"2024-07-12"},{"discipline":"3000m","gender":"M","date":"2024-07-12"},{"discipline":"5000m","gender":"M","date":"2024-07-12"},{"discipline":"PV","gender":"M","date":"2024-07-12"},{"discipline":"LJ","gender":"W","date":"2024-07-12"}]'::jsonb, NULL, NULL),
    ('cmp-j24-9', uid, 'Morton Games', '', 'Dublin', 'IRL', '2024-07-12', '2024-07-12', 'int''l', 'tier-2', 'completed', 0, 0, '["100m","200m","400m","800m","1500m","mile"]'::jsonb, NULL, 'meeting', 'int''l', 'org-j24-noel-guiden', NULL, 'Noel Guiden', '', 'mortongames@hotmail.com', '[{"discipline":"100m","gender":"M","date":"2024-07-12"},{"discipline":"200m","gender":"W","date":"2024-07-12"},{"discipline":"400m","gender":"M","date":"2024-07-12"},{"discipline":"800m","gender":"M","date":"2024-07-12"},{"discipline":"800m","gender":"W","date":"2024-07-12"},{"discipline":"1500m","gender":"W","date":"2024-07-12"},{"discipline":"mile","gender":"M","date":"2024-07-12"}]'::jsonb, NULL, NULL),
    ('cmp-j24-10', uid, 'Guldensporen WT Challenger', '', 'Kortrijk', 'BEL', '2024-07-13', '2024-07-13', 'int''l', 'tier-2', 'completed', 0, 0, '[]'::jsonb, NULL, 'meeting', 'int''l', 'org-j24-steven-parmentier', NULL, 'Steven Parmentier', '', 'stevenparmentier@skynet.be', '[]'::jsonb, NULL, NULL),
    ('cmp-j24-11', uid, 'Rhede International Meeting', '', 'Rhede', 'GER', '2024-07-14', '2024-07-14', 'int''l', 'tier-2', 'completed', 0, 0, '["100m","800m","1500m"]'::jsonb, NULL, 'meeting', 'int''l', 'org-j24-jurgen-palm', NULL, 'Jurgen Palm', '0049-2872-5237', 'LAZ.Rhede@t-online.de / LAZ.Rhede@gmx.de', '[{"discipline":"100m","gender":"M","date":"2024-07-14"},{"discipline":"100m","gender":"W","date":"2024-07-14"},{"discipline":"800m","gender":"M","date":"2024-07-14"},{"discipline":"1500m","gender":"W","date":"2024-07-14"}]'::jsonb, NULL, NULL),
    ('cmp-j24-12', uid, 'Lignano Meeting WT Challenger', '', 'Lignano', 'ITA', '2024-07-14', '2024-07-14', 'int''l', 'tier-2', 'completed', 0, 0, '["100m","400m","800m","PV","LJ"]'::jsonb, NULL, 'meeting', 'int''l', 'org-j24-stefano-scaini', NULL, 'Stefano Scaini', '333 233 3796', 'scaini.stefano.scayo@gmail.com', '[{"discipline":"100m","gender":"M","date":"2024-07-14"},{"discipline":"100m","gender":"W","date":"2024-07-14"},{"discipline":"400m","gender":"M","date":"2024-07-14"},{"discipline":"400m","gender":"W","date":"2024-07-14"},{"discipline":"800m","gender":"M","date":"2024-07-14"},{"discipline":"800m","gender":"W","date":"2024-07-14"},{"discipline":"PV","gender":"W","date":"2024-07-14"},{"discipline":"LJ","gender":"M","date":"2024-07-14"}]'::jsonb, NULL, NULL),
    ('cmp-j24-13', uid, 'Spitzen Leichtathletik', '', 'Luzern', 'SWI', '2024-07-16', '2024-07-16', 'WACT.SL', 'tier-2', 'completed', 0, 0, '[]'::jsonb, NULL, 'meeting', 'WACT.SL', 'org-j24-terry-mchugh', NULL, 'Terry McHugh', '0041 41 3712250', 'lucernemeet@yahoo.co.uk', '[]'::jsonb, NULL, NULL),
    ('cmp-j24-14', uid, 'Meeting Arcobaleno WT Challenger', '', 'Celle Ligure', 'ITA', '2024-07-17', '2024-07-17', 'int''l', 'tier-2', 'completed', 0, 0, '[]'::jsonb, NULL, 'meeting', 'int''l', 'org-j24-giorgio-ferrando', NULL, 'Giorgio Ferrando', '019-994056 / casa 019-930744', 'turisport@comunecelle.it', '[]'::jsonb, NULL, NULL),
    ('cmp-j24-15', uid, 'San Vendemiano Meeting', '', 'San Vendemiano', 'ITA', '2024-07-17', '2024-07-17', 'int''l', 'tier-2', 'completed', 0, 0, '["800m","SP"]'::jsonb, NULL, 'meeting', 'int''l', NULL, NULL, '', '', '', '[{"discipline":"800m","gender":"M","date":"2024-07-17"},{"discipline":"SP","gender":"M","date":"2024-07-17"}]'::jsonb, NULL, NULL),
    ('cmp-j24-16', uid, 'Müller Anniversary Games', '', 'London', 'GBR', '2024-07-20', '2024-07-20', 'DL', 'tier-1', 'completed', 0, 0, '["100m","200m","400m","800m","1500m","3000m","5000m","HJ"]'::jsonb, NULL, 'meeting', 'DL', 'org-j24-spencer-barden', NULL, 'Spencer Barden', '+44 (0) 121 7138415', 'spencer@spencerbardenconsulting.com / sbarden@uka.org.uk', '[{"discipline":"100m","gender":"M","date":"2024-07-20"},{"discipline":"200m","gender":"W","date":"2024-07-20"},{"discipline":"400m","gender":"M","date":"2024-07-20"},{"discipline":"400m","gender":"W","date":"2024-07-20"},{"discipline":"800m","gender":"W","date":"2024-07-20"},{"discipline":"1500m","gender":"M","date":"2024-07-20"},{"discipline":"1500m","gender":"W","date":"2024-07-20"},{"discipline":"3000m","gender":"M","date":"2024-07-20"},{"discipline":"5000m","gender":"M","date":"2024-07-20"},{"discipline":"HJ","gender":"W","date":"2024-07-20"}]'::jsonb, NULL, NULL),
    ('cmp-j24-17', uid, 'Joensuu GP', '', 'Joensuu', 'FIN', '2024-07-20', '2024-07-20', 'int''l', 'tier-2', 'completed', 0, 0, '["1500m","PV"]'::jsonb, NULL, 'meeting', 'int''l', 'org-j24-tuomo-lehtinen', NULL, 'Tuomo Lehtinen', '', 'tuomo.lehtinen@katajayu.fi', '[{"discipline":"1500m","gender":"W","date":"2024-07-20"},{"discipline":"PV","gender":"M","date":"2024-07-20"}]'::jsonb, NULL, NULL),
    ('cmp-j24-18', uid, 'Meeting Brazzale', '', 'Vicenza', 'ITA', '2024-07-20', '2024-07-20', 'int''l', 'tier-2', 'completed', 0, 0, '[]'::jsonb, NULL, 'meeting', 'int''l', NULL, NULL, '', '', '', '[]'::jsonb, NULL, NULL),
    ('cmp-j24-19', uid, 'Schifflange International Meeting', '', 'Luxembourg', 'LUX', '2024-07-30', '2024-07-30', 'int''l', 'tier-2', 'completed', 0, 0, '["100m","400m","800m","SP","DT"]'::jsonb, NULL, 'meeting', 'int''l', 'org-j24-luc-hensgen', NULL, 'Luc Hensgen', '', 'luchensgen.cas@outlook.de', '[{"discipline":"100m","gender":"M","date":"2024-07-30"},{"discipline":"100m","gender":"W","date":"2024-07-30"},{"discipline":"400m","gender":"M","date":"2024-07-30"},{"discipline":"400m","gender":"W","date":"2024-07-30"},{"discipline":"800m","gender":"M","date":"2024-07-30"},{"discipline":"SP","gender":"M","date":"2024-07-30"},{"discipline":"DT","gender":"M","date":"2024-07-30"}]'::jsonb, NULL, NULL),
    ('cmp-ref-lyon', uid, 'Meeting National de l''Est Lyonnais', '', 'Lyon', 'FRA', '2024-05-04', '2024-05-04', 'National', 'tier-2', 'completed', 4, 0, '["5000 m","1500 m","3000 m SC"]'::jsonb, NULL, 'meeting', 'National', NULL, NULL, NULL, NULL, NULL, NULL, NULL, NULL),
    ('cmp-ref-doha', uid, 'Doha Wanda Diamond League', '', 'Doha', 'QAT', '2024-05-10', '2024-05-10', 'DL', 'tier-1', 'completed', 1, 0, '["3000 m SC"]'::jsonb, NULL, 'meeting', 'DL', NULL, NULL, NULL, NULL, NULL, NULL, NULL, NULL),
    ('cmp-ref-andujar', uid, 'Andújar Meeting WT Bronze', '', 'Andújar', 'ESP', '2024-05-17', '2024-05-17', 'Bronze', 'tier-2', 'completed', 2, 0, '["Hammer","200 m"]'::jsonb, NULL, 'meeting', 'Bronze', NULL, NULL, NULL, NULL, NULL, NULL, NULL, NULL),
    ('cmp-ref-carquefou', uid, 'Meeting de Carquefou', '', 'Carquefou', 'FRA', '2024-05-17', '2024-05-17', 'International', 'tier-2', 'completed', 3, 0, '["5000 m","1500 m"]'::jsonb, NULL, 'meeting', 'International', NULL, NULL, NULL, NULL, NULL, NULL, NULL, NULL),
    ('cmp-ref-kusocinski', uid, 'Janusz Kusociński Memorial WT Gold', '', 'Chorzów', 'POL', '2024-05-18', '2024-05-18', 'Gold', 'tier-1', 'completed', 2, 0, '["1500 m","3000 m SC"]'::jsonb, NULL, 'meeting', 'Gold', NULL, NULL, NULL, NULL, NULL, NULL, NULL, NULL),
    ('cmp-ref-marrakech', uid, 'Marrakech DL Meeting', '', 'Marrakech', 'MAR', '2024-05-19', '2024-05-19', 'DL', 'tier-1', 'completed', 1, 0, '["3000 m SC"]'::jsonb, NULL, 'meeting', 'DL', NULL, NULL, NULL, NULL, NULL, NULL, NULL, NULL),
    ('cmp-ref-lucca', uid, 'Lucca Meeting Outdoor', '', 'Lucca', 'ITA', '2024-05-19', '2024-05-19', 'International', 'tier-2', 'completed', 0, 0, '[]'::jsonb, NULL, 'meeting', 'International', NULL, NULL, NULL, NULL, NULL, NULL, NULL, NULL),
    ('cmp-ref-jerusalem', uid, 'Jerusalem Grand Slam Meeting', '', 'Jerusalem', 'ISR', '2024-05-19', '2024-05-19', 'International', 'tier-2', 'completed', 0, 0, '[]'::jsonb, NULL, 'meeting', 'International', NULL, NULL, NULL, NULL, NULL, NULL, NULL, NULL),
    ('cmp-ref-stockholm', uid, 'Bauhaus-Galan Stockholm DL', '', 'Stockholm', 'SWE', '2024-06-02', '2024-06-02', 'DL', 'tier-1', 'completed', 4, 0, '["3000 m","1500 m","3000 m SC"]'::jsonb, NULL, 'meeting', 'DL', NULL, NULL, NULL, NULL, NULL, NULL, NULL, NULL),
    ('cmp-ref-heusden', uid, 'KBC Nacht Heusden WT Bronze', '', 'Heusden', 'BEL', '2024-06-15', '2024-06-15', 'Bronze', 'tier-2', 'completed', 5, 0, '["5000 m","1500 m","100 m H"]'::jsonb, NULL, 'meeting', 'Bronze', NULL, NULL, NULL, NULL, NULL, NULL, NULL, NULL),
    ('cmp-ref-paavonurmi', uid, 'Paavo Nurmi Games WT Gold', '', 'Turku', 'FIN', '2024-06-18', '2024-06-18', 'Gold', 'tier-1', 'completed', 1, 0, '["3000 m SC"]'::jsonb, NULL, 'meeting', 'Gold', NULL, NULL, NULL, NULL, NULL, NULL, NULL, NULL),
    ('cmp-ref-nembro', uid, 'Nembro Meeting WT Challenger', '', 'Nembro', 'ITA', '2024-06-19', '2024-06-19', 'International', 'tier-2', 'completed', 1, 0, '["1500 m"]'::jsonb, NULL, 'meeting', 'International', NULL, NULL, NULL, NULL, NULL, NULL, NULL, NULL),
    ('cmp-ref-liege', uid, 'Meeting International de Liège WT Bronze', '', 'Liège', 'BEL', '2024-06-19', '2024-06-19', 'Bronze', 'tier-2', 'completed', 1, 0, '["1500 m"]'::jsonb, NULL, 'meeting', 'Bronze', NULL, NULL, NULL, NULL, NULL, NULL, NULL, NULL),
    ('cmp-ref-bydgoszcz', uid, 'Irena Szewińska Memorial WT Gold', '', 'Bydgoszcz', 'POL', '2024-06-20', '2024-06-20', 'Gold', 'tier-1', 'completed', 3, 0, '["3000 m SC","1500 m"]'::jsonb, NULL, 'meeting', 'Gold', NULL, NULL, NULL, NULL, NULL, NULL, NULL, NULL),
    ('cmp-ref-africanchamps', uid, 'African Athletics Championships', '', 'Douala', 'CMR', '2024-06-21', '2024-06-21', 'International', 'tier-2', 'completed', 1, 0, '["5000 m"]'::jsonb, NULL, 'meeting', 'International', NULL, NULL, NULL, NULL, NULL, NULL, NULL, NULL),
    ('cmp-ref-geneve', uid, 'Genève Meeting WT Bronze', '', 'Genève', 'SUI', '2024-06-22', '2024-06-22', 'Bronze', 'tier-2', 'completed', 1, 0, '["5000 m"]'::jsonb, NULL, 'meeting', 'Bronze', NULL, NULL, NULL, NULL, NULL, NULL, NULL, NULL),
    ('cmp-ref-buenosaires', uid, 'Buenos Aires Marathon', '', 'Buenos Aires', 'ARG', '2024-09-22', '2024-09-22', 'Label', 'tier-2', 'completed', 1, 0, '["Marathon"]'::jsonb, NULL, 'marathon', 'Label', NULL, NULL, NULL, NULL, NULL, NULL, NULL, NULL),
    ('cmp-ref-berlin', uid, 'Berlin Marathon', '', 'Berlin', 'GER', '2024-09-29', '2024-09-29', 'Platinum', 'tier-1', 'completed', 6, 0, '["Marathon"]'::jsonb, NULL, 'marathon', 'Platinum', NULL, NULL, NULL, NULL, NULL, NULL, NULL, NULL)
  on conflict (id) do nothing;

  insert into public.race_entries (id, user_id, competition_id, athlete_id, discipline, gender, status, position, time, wind, note) values
    ('en-lyon-de-marchi-jacopo', uid, 'cmp-ref-lyon', 'ath-de-marchi-jacopo', '5000 m', 'M', 'ok', NULL, NULL, NULL, NULL),
    ('en-carquefou-de-marchi-jacopo', uid, 'cmp-ref-carquefou', 'ath-de-marchi-jacopo', '5000 m', 'M', 'ok', NULL, NULL, NULL, NULL),
    ('en-lyon-guerra-francesco', uid, 'cmp-ref-lyon', 'ath-guerra-francesco', '5000 m', 'M', 'ok', NULL, NULL, NULL, NULL),
    ('en-lyon-riva-federico', uid, 'cmp-ref-lyon', 'ath-riva-federico', '1500 m', 'M', 'ok', NULL, NULL, NULL, NULL),
    ('en-lyon-zoghlami-ala', uid, 'cmp-ref-lyon', 'ath-zoghlami-ala', '3000 m SC', 'M', 'ok', NULL, NULL, NULL, NULL),
    ('en-kusocinski-arese-pietro', uid, 'cmp-ref-kusocinski', 'ath-arese-pietro', '1500 m', 'M', 'ok', NULL, NULL, NULL, NULL),
    ('en-carquefou-costa-masresha', uid, 'cmp-ref-carquefou', 'ath-costa-masresha', '1500 m', 'M', 'ok', NULL, NULL, NULL, NULL),
    ('en-carquefou-gravante-giuseppe', uid, 'cmp-ref-carquefou', 'ath-gravante-giuseppe', '1500 m', 'M', 'ok', NULL, NULL, NULL, NULL),
    ('en-andujar-falloni-simone', uid, 'cmp-ref-andujar', 'ath-falloni-simone', 'Hammer', 'M', 'ok', NULL, NULL, NULL, NULL),
    ('en-doha-tindouft-mohamed', uid, 'cmp-ref-doha', 'ath-tindouft-mohamed', '3000 m SC', 'M', 'ok', NULL, NULL, NULL, NULL),
    ('en-kusocinski-zoghlami-osama', uid, 'cmp-ref-kusocinski', 'ath-zoghlami-osama', '3000 m SC', 'M', 'ok', NULL, NULL, NULL, NULL),
    ('en-andujar-berton-aurora', uid, 'cmp-ref-andujar', 'ath-berton-aurora', '200 m', 'W', 'ok', NULL, NULL, NULL, NULL),
    ('en-marrakech-taye-addisu-yihune', uid, 'cmp-ref-marrakech', 'ath-taye-addisu-yihune', '3000 m SC', 'M', 'ok', NULL, NULL, NULL, NULL),
    ('en-stockholm-balew-birhanu-yemataw', uid, 'cmp-ref-stockholm', 'ath-balew-birhanu-yemataw', '3000 m', 'M', 'ok', NULL, NULL, NULL, NULL),
    ('en-geneve-balew-birhanu-yemataw', uid, 'cmp-ref-geneve', 'ath-balew-birhanu-yemataw', '5000 m', 'M', 'ok', NULL, NULL, NULL, NULL),
    ('en-stockholm-bekele-telahun-haile', uid, 'cmp-ref-stockholm', 'ath-bekele-telahun-haile', '3000 m', 'M', 'ok', NULL, NULL, NULL, NULL),
    ('en-heusden-chala-wegene-adisu', uid, 'cmp-ref-heusden', 'ath-chala-wegene-adisu', '5000 m', 'M', 'ok', NULL, NULL, NULL, NULL),
    ('en-nembro-chala-wegene-adisu', uid, 'cmp-ref-nembro', 'ath-chala-wegene-adisu', '1500 m', 'M', 'ok', NULL, NULL, NULL, NULL),
    ('en-africanchamps-chala-wegene-adisu', uid, 'cmp-ref-africanchamps', 'ath-chala-wegene-adisu', '5000 m', 'M', 'ok', NULL, NULL, NULL, NULL),
    ('en-liege-chematot-levy-kibet', uid, 'cmp-ref-liege', 'ath-chematot-levy-kibet', '1500 m', 'M', 'ok', NULL, NULL, NULL, NULL),
    ('en-heusden-costa-masresha', uid, 'cmp-ref-heusden', 'ath-costa-masresha', '1500 m', 'M', 'ok', NULL, NULL, NULL, NULL),
    ('en-heusden-gravante-giuseppe', uid, 'cmp-ref-heusden', 'ath-gravante-giuseppe', '1500 m', 'M', 'ok', NULL, NULL, NULL, NULL),
    ('en-bydgoszcz-gravante-giuseppe', uid, 'cmp-ref-bydgoszcz', 'ath-gravante-giuseppe', '3000 m SC', 'M', 'ok', NULL, NULL, NULL, NULL),
    ('en-bydgoszcz-kosgei-mathew-kipkurui', uid, 'cmp-ref-bydgoszcz', 'ath-kosgei-mathew-kipkurui', '1500 m', 'M', 'ok', NULL, NULL, NULL, NULL),
    ('en-stockholm-riva-federico', uid, 'cmp-ref-stockholm', 'ath-riva-federico', '1500 m', 'M', 'ok', NULL, NULL, NULL, NULL),
    ('en-stockholm-tindouft-mohamed', uid, 'cmp-ref-stockholm', 'ath-tindouft-mohamed', '3000 m SC', 'M', 'ok', NULL, NULL, NULL, NULL),
    ('en-paavonurmi-tindouft-mohamed', uid, 'cmp-ref-paavonurmi', 'ath-tindouft-mohamed', '3000 m SC', 'M', 'ok', NULL, NULL, NULL, NULL),
    ('en-bydgoszcz-zoghlami-osama', uid, 'cmp-ref-bydgoszcz', 'ath-zoghlami-osama', '3000 m SC', 'M', 'ok', NULL, NULL, NULL, NULL),
    ('en-heusden-kipkemboi-margaret-chelimo', uid, 'cmp-ref-heusden', 'ath-kipkemboi-margaret-chelimo', '1500 m', 'W', 'ok', NULL, NULL, NULL, NULL),
    ('en-heusden-majori-micol', uid, 'cmp-ref-heusden', 'ath-majori-micol', '100 m H', 'W', 'ok', NULL, NULL, NULL, NULL),
    ('en-berlin-bikila-adugna-takele', uid, 'cmp-ref-berlin', 'ath-bikila-adugna-takele', 'Marathon', 'M', 'ok', NULL, NULL, NULL, NULL),
    ('en-berlin-kibitok-felix', uid, 'cmp-ref-berlin', 'ath-kibitok-felix', 'Marathon', 'M', 'ok', NULL, NULL, NULL, NULL),
    ('en-berlin-kotut-cybrian-kimurgor', uid, 'cmp-ref-berlin', 'ath-kotut-cybrian-kimurgor', 'Marathon', 'M', 'ok', NULL, NULL, NULL, NULL),
    ('en-berlin-muleta-dejene-megersa', uid, 'cmp-ref-berlin', 'ath-muleta-dejene-megersa', 'Marathon', 'M', 'ok', NULL, NULL, NULL, NULL),
    ('en-berlin-rop-gideon-kiprotich', uid, 'cmp-ref-berlin', 'ath-rop-gideon-kiprotich', 'Marathon', 'M', 'ok', NULL, NULL, NULL, NULL),
    ('en-berlin-tebo-tigist-ketema', uid, 'cmp-ref-berlin', 'ath-tebo-tigist-ketema', 'Marathon', 'W', 'ok', NULL, NULL, NULL, NULL),
    ('en-buenosaires-gebeyahu-tigist-memuye', uid, 'cmp-ref-buenosaires', 'ath-gebeyahu-tigist-memuye', 'Marathon', 'W', 'ok', NULL, NULL, NULL, NULL)
  on conflict (id) do nothing;

  insert into public.visas (id, user_id, athlete_id, kind, number, type, event, valid_from, valid_to, not_known, embassy, sent_to_federation, sent_to_agent, appointment, archived, photo, note) values
    ('vis-ref-bikila-adugna-takele-0', uid, 'ath-bikila-adugna-takele', 'Schengen', NULL, 'Schengen M90', 'Marathon', '2024-02-15', '2024-11-01', NULL, 'Tedesca', false, NULL, NULL, NULL, NULL, NULL),
    ('vis-ref-kibitok-felix-1', uid, 'ath-kibitok-felix', 'Schengen', NULL, 'Schengen M90', 'Marathon', '2023-09-24', '2026-09-23', NULL, 'Tedesca', false, NULL, NULL, NULL, NULL, NULL),
    ('vis-ref-kotut-cybrian-kimurgor-2', uid, 'ath-kotut-cybrian-kimurgor', 'Schengen', NULL, 'Schengen M90', 'Marathon', '2023-10-11', '2025-10-10', NULL, 'Olandese', false, NULL, NULL, NULL, NULL, NULL),
    ('vis-ref-rop-gideon-kiprotich-3', uid, 'ath-rop-gideon-kiprotich', 'Schengen', NULL, 'Schengen M90', 'Marathon', '2024-10-16', '2025-04-16', NULL, 'Italiana', false, NULL, NULL, NULL, NULL, NULL),
    ('vis-ref-tebo-tigist-ketema-4', uid, 'ath-tebo-tigist-ketema', 'Schengen', NULL, 'Schengen M90', 'Marathon', '2024-06-13', '2024-12-11', NULL, 'Italiana', false, NULL, NULL, NULL, NULL, NULL)
  on conflict (id) do nothing;

end $$;
